{
  "seats": {
    "precision": 0.8,
    "recall": 1.0,
    "f1-score": 0.888888888888889,
    "support": 24,
    "confused_with": {}
  },
  "section": {
    "precision": 1.0,
    "recall": 1.0,
    "f1-score": 1.0,
    "support": 15,
    "confused_with": {}
  },
  "time": {
    "precision": 0.0,
    "recall": 0.0,
    "f1-score": 0.0,
    "support": 4,
    "confused_with": {
      "seats": 4
    }
  },
  "micro avg": {
    "precision": 0.8666666666666667,
    "recall": 0.9069767441860465,
    "f1-score": 0.8863636363636364,
    "support": 43
  },
  "macro avg": {
    "precision": 0.6,
    "recall": 0.6666666666666666,
    "f1-score": 0.6296296296296297,
    "support": 43
  },
  "weighted avg": {
    "precision": 0.7953488372093024,
    "recall": 0.9069767441860465,
    "f1-score": 0.8449612403100776,
    "support": 43
  },
  "accuracy": 0.9908814589665653
}
